{
    "minVolume": 0.005994840990751982,
    "maxVolume": 0.35938137769699099,
    "minPitch": 80.0,
    "maxPitch": 306.6688537597656,
    "savedDateTime": "2026-01-05 01:26:58"
}