{
    "minVolume": 0.005994840990751982,
    "maxVolume": 0.18622316420078278,
    "minPitch": 80.0,
    "maxPitch": 247.11065673828126,
    "savedDateTime": "2026-01-18 12:38:24"
}