{
    "minVolume": 0.005994840990751982,
    "maxVolume": 0.35938137769699099,
    "minPitch": 80.0,
    "maxPitch": 551.9763793945313,
    "savedDateTime": "2025-12-31 21:16:03"
}