{
    "minVolume": 0.005994840990751982,
    "maxVolume": 0.006994841154664755,
    "minPitch": 80.0,
    "maxPitch": 247.11065673828126,
    "savedDateTime": "2026-01-18 18:56:11"
}