{
    "minVolume": 0.005994840990751982,
    "maxVolume": 0.16646325588226319,
    "minPitch": 80.0,
    "maxPitch": 247.11065673828126,
    "savedDateTime": "2026-01-10 17:55:24"
}