{
    "minVolume": 0.005994840990751982,
    "maxVolume": 0.006994841154664755,
    "minPitch": 80.0,
    "maxPitch": 1000.0,
    "savedDateTime": "2026-01-20 00:49:54"
}