{
    "minVolume": 0.005994840990751982,
    "maxVolume": 0.16646325588226319,
    "minPitch": 80.0,
    "maxPitch": 1000.0,
    "savedDateTime": "2026-01-13 16:55:47"
}