{
    "minVolume": 0.005994840990751982,
    "maxVolume": 0.3070793151855469,
    "minPitch": 80.0,
    "maxPitch": 376.4458923339844,
    "savedDateTime": "2026-01-17 16:06:28"
}